{"cameraMode":{"drawMode":0,"name":"Shaded","section":"Shading Mode"},"sceneLighting":true,"audioPlay":false,"sceneViewState":{"m_AlwaysRefresh":false,"showFog":true,"showSkybox":true,"showFlares":true,"showImageEffects":true,"showParticleSystems":true,"showVisualEffectGraphs":true,"m_FxEnabled":true},"in2DMode":false,"pivot":{"x":0.007434964179992676,"y":0.927873969078064,"z":-0.26403772830963137},"rotation":{"x":-0.01593257486820221,"y":0.9776811599731445,"z":0.08053755015134812,"w":0.19340699911117555},"size":1.31527578830719,"orthographic":false}