{"cameraMode":{"drawMode":0,"name":"Shaded","section":"Shading Mode"},"sceneLighting":true,"audioPlay":false,"sceneViewState":{"m_AlwaysRefresh":false,"showFog":true,"showSkybox":true,"showFlares":true,"showImageEffects":true,"showParticleSystems":true,"showVisualEffectGraphs":true,"m_FxEnabled":true},"in2DMode":false,"pivot":{"x":-3.297347068786621,"y":1.5315476655960084,"z":2.80255389213562},"rotation":{"x":-0.11702505499124527,"y":-0.017834490165114404,"z":0.002096433425322175,"w":-0.9929961562156677},"size":0.6795748472213745,"orthographic":false}