{"cameraMode":{"drawMode":0,"name":"Shaded","section":"Shading Mode"},"sceneLighting":true,"audioPlay":false,"sceneViewState":{"m_AlwaysRefresh":false,"showFog":true,"showSkybox":true,"showFlares":true,"showImageEffects":true,"showParticleSystems":true,"showVisualEffectGraphs":true,"m_FxEnabled":true},"in2DMode":false,"pivot":{"x":4.212514877319336,"y":1.9010215997695923,"z":-6.829437732696533},"rotation":{"x":-0.04111175611615181,"y":-0.34435445070266726,"z":0.015096635557711125,"w":-0.9378203749656677},"size":4.638180732727051,"orthographic":false}