{"cameraMode":{"drawMode":0,"name":"Shaded","section":"Shading Mode"},"sceneLighting":false,"audioPlay":false,"sceneViewState":{"m_AlwaysRefresh":false,"showFog":true,"showSkybox":true,"showFlares":true,"showImageEffects":true,"showParticleSystems":true,"showVisualEffectGraphs":true,"m_FxEnabled":true},"in2DMode":false,"pivot":{"x":15.122760772705079,"y":-12.370502471923829,"z":24.797588348388673},"rotation":{"x":0.21015143394470216,"y":0.2910630702972412,"z":-0.06569875031709671,"w":0.9310252070426941},"size":17.686182022094728,"orthographic":false}